id;nom_societe;adresse;tel_1;tel_2;tel_3;email_1;email_2;cree_le;cree_par;modifie_le;modifie_par;facebook;youtube;instagram;twitter;tiktok;matricule_fiscal;valeur_min_panier
1;Auto Loan Account;navigate Intelligent Fresh Gloves;27495;24032;94122;Games Licensed Fresh Table Intelligent Rubber Pants;User-centric Investment Account;2020-05-26;Optimization;2020-05-25;Cordoba Oro Personal Loan Account;Intelligent;Orchestrator Personal Loan Account solid state;Open-source Washington solutions;CFA Franc BEAC Music;functionalities feed;Outdoors;29911
2;Bhutan;Chair programming;37109;23857;47486;indigo Direct;Multi-lateral;2020-05-25;Handcrafted;2020-05-26;Paradigm;District;Regional Checking Account virtual;Stravenue Angola;eyeballs driver;Connecticut back-end JSON;Utah EXE;60843
3;THX moderator Directives;Towels;64702;40162;96946;Avon Fundamental Consultant;Usability Micronesia Rubber;2020-05-25;payment Generic;2020-05-25;Frozen Sports;system;indexing Buckinghamshire;Ohio;Handcrafted;Chair Branding azure;JSON;34252
4;Persevering;Central;25443;34325;69022;time-frame Auto Loan Account mobile;Bedfordshire quantifying Cambridgeshire;2020-05-25;composite;2020-05-26;Security Cambridgeshire;Shoes invoice;proactive virtual revolutionize;Assurance;Awesome Steel Car connect Minnesota;Plastic;Track Idaho;18984
5;Buckinghamshire turquoise;Customer value-added;25462;4087;82085;monitor Knoll;Sports systemic;2020-05-25;Borders productivity;2020-05-26;brand Texas;Self-enabling envisioneer Frozen;Cotton;driver;Spring;partnerships invoice;Route;29115
6;Iowa;architectures;80472;39767;93686;Vermont withdrawal Namibia;Industrial panel;2020-05-26;Bedfordshire Ohio;2020-05-25;website Human supply-chains;1080p;withdrawal Fork;Licensed;override Soft;Sausages Shirt;transmitter Diverse copying;25485
7;Intelligent ROI;Rustic throughput;90496;56815;24025;invoice mint green;Rustic Belarus;2020-05-25;turn-key;2020-05-26;Ergonomic Metal Bacon override silver;Lek Incredible Metal Pizza Direct;Checking Account Mountains instruction set;reinvent Games;fuchsia copying;Rustic partnerships;quantify zero administration;45057
8;payment;Cotton;43657;60864;70077;Cape eyeballs empowering;Upgradable Generic Concrete Pizza CSS;2020-05-25;haptic Parkway;2020-05-26;payment user-centric;SMS drive invoice;virtual mobile;quantify Chair Senior;driver withdrawal;Gorgeous Metal Computer Jewelery e-business;application;19692
9;green hacking synthesizing;bypassing Dynamic deliverables;64829;82424;11844;Cambridgeshire;Small payment;2020-05-26;value-added Refined;2020-05-25;index Car PNG;yellow SMS;Analyst;Iowa deposit;connecting client-driven;productize Borders open-source;Specialist syndicate hack;27102
10;Park;Incredible Concrete Fish;28123;87380;47731;enhance reinvent;Personal Loan Account Namibia;2020-05-26;Investment Account Turks and Caicos Islands Saint Helena;2020-05-26;Arkansas Business-focused Global;one-to-one multi-byte;Ball;Face to face Concrete optimize;hard drive;payment hacking networks;strategic Tasty;28511
